<?xml version="1.0"?>
<module>
	<type>language</type>
	<name>TiengViet_Vtiger6.5</name>
	<label>Tiếng Việt</label>
	<prefix>vi_VN</prefix>
	<version>1.0</version>
	<encoding>UTF-8</encoding>
	<author>Công Nghệ Tâm An - http://taman.vn</author>
	<license>Vtiger Public License</license>
	<dependencies>
		<vtiger_version>6.5.0</vtiger_version>
		<vtiger_max_version>6.*</vtiger_max_version>
	</dependencies>
	<license>
		<inline><![CDATA[
		*************************************************************************************
		* Publish by http://www.taman.vn                       						    *
		*************************************************************************************
		*  Language     : Vietnamese                                                    *
		*  Vtiger       : 6.x                                                           *
		*  Author       : Công Nghệ Tâm An - Nguyễn ngọc hoàng Hải			            *
		*  Help/Email   :                                                   			*
		*  Licence      : Vtiger Public License Version                                 *
		*  Website      : www.taman.vn                                                  *
		*************************************************************************************   
		]]></inline>
	</license>
</module>